{
    "pickup_lat": 29.340274,
    "pickup_lon": 47.937369,
    "drop_lat": 29.331301,
    "drop_lon": 47.806065,
    "hour_of_day": 17,
    "day_of_week": "Wednesday"
  }
  